"entity_name","entity_id","pitch_hand","active_spin_fourseam","active_spin_sinker","active_spin_cutter","active_spin_changeup","active_spin_splitter","active_spin_curve","active_spin_slider","active_spin_sweeper","active_spin_slurve"
"Robertson, David",502085,"R",,"75","64.5",,,"66.3","45",,
"Matz, Steven",571927,"L",,"99.5",,"81.8",,"81.1","37.1",,
"Hoeing, Bryan",663773,"R",,"94.5",,,"86.9",,"32.9",,
"Mantiply, Joe",573009,"L",,"90.3",,"98.5",,"50.7",,,
"Doval, Camilo",666808,"R",,"49","55",,,,"40",,
"Roberts, Ethan",681799,"R",,,"47.6",,,,,"70.4",
"Burnes, Corbin",669203,"R",,"74","62","77.7",,"70.7","37.8",,
"Backhus, Kyle",679775,"L",,"96",,"98.2",,,,"48.4",
"Rogers, Taylor",573124,"L",,"89.3",,,,,,"67.3",
"Burgos, Juan",686228,"R",,"69.3","32.6",,,,,"55",
"Mey, Luis",682825,"R",,"72.3",,,,,"32.2",,
"Garcia, Brandyn",805299,"L",,"85.2",,,,,"20.5","65.7",
"O'Brien, Riley",676617,"R",,"85",,,,,"23.7","67.4",
"Ashcraft, Graham",668933,"R",,,"48.1",,,,"37.7",,
"Priester, Quinn",682990,"R",,"81.3","62.2","96.4",,"55.7","28.5",,
"Bird, Jake",656234,"R",,"73.6","54.4",,,"85.5",,"53",
"Thomas, Connor",671162,"L",,"73.5","14","81.2",,,,"59.1",
"Leiter Jr., Mark",643410,"R",,"92.8","59.7",,"86.6","97.7","38.5",,
"Darrell-Hicks, Michael",690382,"R",,"85.1","36.4",,,,,"55.8",
"McDaniels, Garrett",680729,"L",,"66",,,,,"19.5",,
"Ginn, J.T.",669372,"R",,"74.8","63.5","77.4",,,"22",,
"Spence, Mitch",687765,"R",,"52.3","27.1","65.6",,"68.7","50.2",,
"Mederos, Victor",682989,"R",,"90.8","37","97.7",,,,"43.3",
"Sánchez, Cristopher",650911,"L",,"92.7",,"84.6",,,"21.5",,
"Dodd, Dylan",689266,"L",,"98.2","48.2","62.2",,,"13.9",,
"Bachman, Sam",696147,"R",,"95.4",,"85.9",,,"17.9",,
"Johnson, Ryan",696270,"R",,"67.6","42.4",,"82.4",,"43.4","53",
"Guenther, Sean",674944,"L",,"76.1",,,"98.2",,"69.9",,
"Alexander, Scott",518397,"L",,"76.3",,"67.4",,,"32.1",,
"Young, Danny",664849,"L",,"85.3",,,,,,"57.3",
"Mayza, Tim",641835,"L",,"87.3",,,,,"15.8",,
"Dunning, Dane",641540,"R",,"86.3","70.8","99.1",,"99.3","41.6",,
"Hjelle, Sean",663546,"R",,"70.9","44",,,"52.1",,,
"Brubaker, JT",664141,"R",,"86.2",,"84.6",,"49.3","12.9",,
"Hader, Josh",623352,"L",,"99.5",,"93.3",,,"18.2",,
"Suero, Wander",593833,"R",,,"79.6","92.5",,,,,
"Walker, Ryan",676254,"R",,"78",,,,,"52.7",,
"Hagenman, Justin",663795,"R",,"96.2","51.2","94.2",,,"24.5",,
"Topa, Justin",623437,"R",,"89.5","41.9","81.1",,,,"46",
"Valdez, Framber",664285,"L",,"75.4",,"77.6",,"82.3","29.3",,
"Bautista, Félix",642585,"R",,"99.4",,,"97.3",,"36.2",,
"Chavez, Jesse",445926,"R",,"90.1","69.9","95",,,,,
"Fluharty, Mason",689254,"L",,,"42.2",,,,,"57.4",
"Alvarado, José",621237,"L",,"94.1","40.3",,,"49.4",,,
"Santos, Gregory",666619,"R",,"57.4",,,,,"40.4",,
"Criswell, Cooper",681867,"R",,"74.4","44.8","87",,,,"74.9",
"McDonald, Trevor",686790,"R",,"85.6","30.9","96.8",,,"31.3",,
"Peguero, Elvis",665625,"R",,"91.9",,,,,"27.1",,
"Bruihl, Justin",677865,"L",,"80","29.1",,,,,"65.2",
"Whitlock, Garrett",676477,"R",,"99.4",,"86",,,"53.3","54.9",
"Jansen, Kenley",445276,"R",,"96.1","81.8",,,,"41.9","43.6",
"Nance, Tommy",667297,"R",,"83.6",,,,"78.7","14.6",,
"Rogers, Tyler",643511,"R",,"73.6",,,,,"59.3",,
"Raley, Brooks",548384,"L",,"77.5","37.6","86.9",,,,"51.9",
"McFarland, T.J.",519008,"L",,"90.3",,"93",,,,"66.4",
"Little, Brendon",663893,"L",,"70.6","41",,,"76.4",,,
"Bernardino, Brennan",657514,"L",,"75.5","25.8","88.9",,"54.4","16.8",,
"Tate, Dillon",622253,"R",,"92.2",,"68.4",,,,"35.9",
"Borucki, Ryan",621366,"L",,"95.4",,,"89.9",,"15.7","46.6",
"Saucedo, Tayler",642048,"L",,"87.1",,"95.4",,,"27.4","47.4",
"Pop, Zach",647315,"R",,"85","51.7",,,,"45.8",,
"Misiewicz, Anthony",664948,"L",,,"35.7","79.2",,"74.5",,,
"Maton, Phil",664208,"R",,"72","60.5",,,"91.8",,"43.7",
"Funderburk, Kody",681892,"L",,"79.2","63.5","85",,,"26.9","59",
"Clase, Emmanuel",661403,"R",,,"64.3",,,,"40.3",,
"Murdock, Noah",668716,"R",,"68.5","23.9",,,,,"55.3",
"Miller, Shelby",571946,"R","99.7",,,,"88.8",,,"46.1",
"Mahle, Tyler",641816,"R","99.7",,"46.7",,"91.1",,"28.9",,
"Gomber, Austin",596295,"L","99.6",,"59.7","97.8","79.5","79.2","34.5",,
"Blubaugh, AJ",805123,"R","99.6",,,"86.3",,"86",,"55.1",
"Dreyer, Jack",676263,"L","99.6",,,,,"90.8","23.6",,
"Moreta, Dauri",664294,"R","99.6",,,,,,"16.3",,
"Paddack, Chris",663978,"R","99.5","99.1","58.4","97.3",,"89.1","24.1",,
"Yesavage, Trey",702056,"R","99.5",,,,"90.2",,"53.2",,
"Brebbia, John",605154,"R","99.5",,,"95.3",,,"42.9",,
"Giolito, Lucas",608337,"R","99.5",,,"99",,"90.2","29.7",,
"Stanek, Ryne",592773,"R","99.5",,,,"94.5",,"21.7","41.3",
"Hernández, Daysbel",678226,"R","99.5",,,,,,"17.9",,
"Lee, Dylan",669276,"L","99.4",,,"98.6",,,"43.5",,
"Myers, Tobias",668964,"R","99.4",,"71.3","98.3","90.9","61.2","42.1",,
"Heaney, Andrew",571760,"L","99.4","96.5",,"99.6",,"62.2","19.2",,
"Parker, Mitchell",680730,"L","99.4",,,,"92.2","51.7","20.4",,
"Imanaga, Shota",684007,"L","99.3","91.4",,,"95.1","80.2","23.6","35.1",
"Chivilli, Angel",683409,"R","99.3",,,"93.2",,,"25.7",,
"Cantillo, Joey",676282,"L","99.3",,,"98.1",,"95.5","39.2",,
"Gordon, Tanner",685299,"R","99.3",,,"94.3",,,"20",,
"Garcia, Rico",670329,"R","99.3",,,"98.5",,"54.5","14.8",,
"Ohl, Pierson",701487,"R","99.3",,"44.9","83.8",,"75.5",,,
"Ferrer, José A.",678606,"L","99.3","99.3",,"93.5",,,"16.3",,
"Palencia, Daniel",694037,"R","99.3",,,,"90.5",,"23.8",,
"Petty, Chase",695534,"R","99.3","98.8",,"99.1",,,"17.2","36.8",
"Poche, Colin",621363,"L","99.2",,,,,,"44.9",,
"Richards, Trevor",670950,"R","99.2",,,"61.3",,,"22.4",,
"Blalock, Bradley",687134,"R","99.2",,"50.7",,"92.8","61","34.6",,
"Anderson, Tyler",542881,"L","99.2","95.7","62.8","94.5",,,"33.2",,
"Marinaccio, Ron",676760,"R","99.2",,"46.2","92.8",,,,"45.3",
"Finnegan, Kyle",640448,"R","99.2",,,,"91.7",,"23.7",,
"Miller, Bobby",676272,"R","99.2","98.6",,"98.4",,"83.9","33.4",,
"Springs, Jeffrey",605488,"L","99.1",,"56.9","95.8",,,"30","55.8",
"Orze, Eric",679358,"R","99.1",,,,"75.3",,"40.9",,
"Quantrill, Cal",615698,"R","99.1","98.2","42.3",,"94.7","47","21.4",,
"Seabold, Connor",657756,"R","99.1",,"46","82",,,,,
"Duran, Jhoan",661395,"R","99.1",,,,"87.7","60.1",,"55.5",
"Dana, Caden",702674,"R","99",,,"97.4",,"96.5","32.9",,
"Molina, Anthony",683627,"R","99","99.4","78.1","93.3",,"30","56.8",,
"Estévez, Carlos",608032,"R","99",,,"86.5",,,"39.3",,
"Detmers, Reid",672282,"L","99","98.8",,,,"90.8","30",,
"Harvey, Hunter",640451,"R","99",,,,"86.2","87","23.1",,
"Farris, Mitch",815083,"L","99",,,"99.1",,,"15.3",,
"Halvorsen, Seth",678020,"R","99",,,,"91.9",,"32.2",,
"Yarbrough, Ryan",642232,"L","99","98.6","46.4","92.1",,,,"62",
"Petersen, Michael",656848,"R","99",,,,,,"29.2",,
"Fernandez, Ryan",681676,"R","98.9",,"57.7","90.8",,,"20.7",,
"Nelson, Ryne",669194,"R","98.9",,"62.2","99",,"63.5","34.4",,
"Falter, Bailey",663559,"L","98.9","98",,,"95.2","37.3","61.4",,"47.5"
"Pepiot, Ryan",686752,"R","98.8","94.8","65.2","80.5",,"82.6","50.8",,
"Whisenhunt, Carson",687931,"L","98.8",,,"93.7",,,"29",,
"Castro, Miguel",612434,"R","98.8","98",,"91.8",,,"48.7",,
"Ureña, José",570632,"R","98.8","97.3",,"98.9","85.3",,"50.1",,
"Morgan, Eli",669212,"R","98.7",,,"92.5",,,"17.2",,
"Estrada, Jeremiah",669093,"R","98.7",,,,"97.5",,"41.6",,
"De los Santos, Yerry",660787,"R","98.7","97.5",,"88.4",,,"22.9",,
"Sheehan, Emmet",686218,"R","98.7",,,"98.5",,"85","26.4",,
"Ragans, Cole",666142,"L","98.7",,"38.2","99.5",,"92","26",,
"Klein, Will",694361,"R","98.6",,"43.6",,,"82.8",,"38.2",
"Gordon, Colton",676467,"L","98.6","98",,"91.2",,"59.6","37.5","40.7",
"Loutos, Ryan",702795,"R","98.6","97.7",,"90.5",,,"38","43.1",
"Wacha, Michael",608379,"R","98.6","96.3","62.4","78.2",,"86.8","29.8",,
"Tong, Jonah",804636,"R","98.6",,,"98.9",,"80.5","35.8",,
"Harrison, Kyle",690986,"L","98.5","98.6","25","95.4",,,,,"41.1"
"Herget, Kevin",643361,"R","98.5",,"40.4","99.1",,,,,
"Maxwell, Zach",687209,"R","98.5",,"58.6",,,,,"31.4",
"Lara, Andry",691251,"R","98.4","98.3",,,"96.2",,"23.1",,
"Mattson, Isaac",676755,"R","98.4",,,"94.9",,,"40.1",,
"Brzykcy, Zach",694350,"R","98.4",,,"99.3",,"60",,,
"Harris, Hogan",663687,"L","98.3",,"67.5","99.2",,"95.9","34.5","70.1",
"Yoho, Craig",684974,"R","98.3",,"54.6","88.7",,,,"95.3",
"Effross, Scott",664123,"R","98.3","98.5",,"96.7",,,,"22.1",
"Peralta, Luis",678821,"L","98.3",,,"98",,"59.1",,,
"Estrada, Lazaro",681751,"R","98.3",,,,,"84.7","34.5",,
"Blanco, Ronel",669854,"R","98.2",,,"96.9",,"45","34.8",,
"Gausman, Kevin",592332,"R","98.2",,,,"85",,"19.4",,
"Vesia, Alex",681911,"L","98.2",,,"99.6",,,"43.1",,
"Lodolo, Nick",666157,"L","98.2","98.9",,"96",,"41.2",,,
"Anderson, Nick",623433,"R","98.2",,,"99",,"21.2",,,
"Mize, Casey",663554,"R","98.1","96.7",,,"94.7",,"41.7",,"32.6"
"Rangel, Alan",660604,"R","98.1",,,"93.6",,"98.4","44.1",,
"Lord, Brad",695418,"R","98.1","98.6",,"98.7",,,"13.8",,
"Latz, Jacob",656641,"L","98",,,"97",,"76.7","31.3",,
"Strahm, Matt",621381,"L","98","98.5","50.2",,,,"19.3",,
"Bednar, David",670280,"R","98",,,,"74.2","65",,,
"Montgomery, Mason",682254,"L","98",,,,,,"14.6",,
"Kremer, Dean",665152,"R","97.9","92.1","45.5",,"96.3","63.5",,,
"Sabrowski, Erik",681870,"L","97.9",,,,,"79.5","28.6",,
"Alvarado, Elvis",665660,"R","97.9","97.1",,"99.1",,,"26.9",,
"Bowden, Ben",641386,"L","97.9",,,"98.9",,,"26.2",,
"Henderson, Logan",701656,"R","97.9",,"58.2","94.5",,,"20.7",,
"Erceg, Lucas",668674,"R","97.8","98.2",,"95.6",,,"20.2",,
"Rodón, Carlos",607074,"L","97.8","80.8",,"79.3",,"71.8","20",,
"Maldonado, Anthony",687424,"R","97.8",,,,,,"21.3",,
"Darnell, Dugan",699911,"R","97.8",,,,"97.7",,"20.3",,
"Cortes, Nestor",641482,"L","97.7",,"58.5","92.8",,,,"40.9",
"Sears, JP",676664,"L","97.7","97.3","72","95.6",,"40.3","30.9","38.9",
"Lively, Ben",594902,"R","97.7","95.5","49.6","98.4",,"74.2","41.2","57.2",
"Curvelo, Luis",681168,"R","97.6","97.7",,"99.6",,,"24.8",,
"Romano, Jordan",605447,"R","97.6",,,,,,"18.5",,
"Smith-Shawver, AJ",700363,"R","97.5",,,,"85.2","78.4","54.5",,
"Anderson, Ian",666120,"R","97.5",,,"94.1",,"48.6",,,
"Beck, Tristan",663941,"R","97.5",,,,,"85.5","42.6","63.5",
"Hoffmann, Andrew",694851,"R","97.5",,,"95.6",,,"38.7",,
"Hoffman, Jeff",656546,"R","97.5","98.7",,,"95",,"19.6",,
"Harrington, Thomas",802419,"R","97.5","96.4","41.4",,"92.1",,,"48.8",
"Walker, Taijuan",592836,"R","97.4","96.2","57.3",,"79.9","68.1","30.9",,
"Kerkering, Orion",689147,"R","97.4","92",,,,,,"45.8",
"Kowar, Jackson",663804,"R","97.4",,,"84.3",,,"29.9",,
"Swanson, Erik",657024,"R","97.3",,,,"85.8",,"34.5",,
"Gonsolin, Tony",664062,"R","97.3",,,,"86.4","65.7","32.7",,
"Reynolds, Sean",669308,"R","97.2",,,"98.5",,,"30.6","58.2",
"Hendriks, Liam",521230,"R","97.1",,,,,"80.3","22.7",,
"Skenes, Paul",694973,"R","97.1","96.4",,"97.9","89.9","43","28.9","36.8",
"Jarvis, Bryce",686826,"R","97.1","95.2","27.6","95",,"81","31.2",,
"Sulser, Cole",642121,"R","97.1",,"44.8","83.3",,,,,
"Agnos, Zach",688642,"R","97.1",,"61.8",,"90.6",,,"61.2",
"Williams, Devin",642207,"R","97.1",,,"87.1",,,,,
"Legumina, Casey",668984,"R","97","96.1",,"89.5",,,,"44.8",
"Daniel, Davis",669721,"R","97",,,,"95.9",,"38.5","36.9",
"Fuentes, Didier",800311,"R","97",,,,,"79.2",,"50.4",
"Alcantara, Sandy",645261,"R","97","96.3","24","94",,,"23.4",,
"Greene, Hunter",668881,"R","96.9",,,,"87.5",,"42",,
"Gilbert, Logan",669302,"R","96.9","97.8",,,"57.2","66","16.9",,
"Devenski, Chris",606965,"R","96.9",,"35.9","90.4",,,,"49.6",
"Ort, Kaleb",672391,"R","96.9",,"61","96.2",,,,"50.9",
"Ryan, Joe",657746,"R","96.9","95.5",,,"80.1","73.3","33.1","63.1",
"Otañez, Michel",671305,"R","96.9","97.4",,,,,"13.9",,
"Manaea, Sean",640455,"L","96.9",,,"91.7",,,,"46.3",
"Holman, Grant",680880,"R","96.8",,,,"77.6",,"10.1",,
"Headrick, Brent",687396,"L","96.8",,,,"97.8",,"21.7",,
"Bradley, Taj",671737,"R","96.8","96.8","46.1",,"92.8","78.9",,,
"Liberatore, Matthew",669461,"L","96.8","92.9","51.6","96.1",,"94.4","22.6",,
"Strider, Spencer",675911,"R","96.7",,,"78.3",,"58.7","32.2",,
"Brogdon, Connor",641401,"R","96.7",,"40","97.4",,,,,
"Pérez, Martín",527048,"L","96.6","96.3","66.1","99.5",,"35.8",,,
"Hill, Tim",657612,"L","96.6","93","53.1",,,,,,
"Curtiss, John",595928,"R","96.6",,"47","78.2",,,"26.4",,
"Hiraldo, Yaramil",682274,"R","96.6",,,,"73.5",,"33",,
"Verlander, Justin",434378,"R","96.5",,,"94.1",,"67.5","34","48.3",
"Poulin, PJ",676571,"L","96.5","95.5",,"98.7",,,,"30.1",
"Smith, Cade",671922,"R","96.5",,,,"93.1",,,"38.9",
"Márquez, Germán",608566,"R","96.5","93.7",,"98.5",,"19.3","35",,
"López, Jorge",605347,"R","96.4","95",,"99",,"76.4","30.9",,
"Woods Richardson, Simeon",680573,"R","96.3",,,"86.2","92.1","82.7","46",,
"Enright, Nic",663671,"R","96.3",,,,,"46.6","20.7",,
"Taylor, Troy",700187,"R","96.3","93.9",,,,,,"61.4",
"Gray, Jon",592351,"R","96.3",,,"99.3",,,"31.9",,
"Martinez, Justin",679885,"R","96.2","93.9",,,"87.6",,"43.8",,
"Pérez, Eury",691587,"R","96.2","94.8","35.6","99.1",,"59.2","24.7","37",
"Warren, Austin",681810,"R","96.1","96.6","24.4",,,,,"49.4",
"Knack, Landon",689017,"R","96.1",,,"88.6",,"84.6","26.7",,
"Weaver, Luke",596133,"R","96",,"67.6","88.4",,,"52.3",,
"Enns, Dietrich",608650,"L","96","96.8","22.3","98.4",,"78.5",,,
"DeSclafani, Anthony",543101,"R","96","95.2",,,"72.4","63.2","36.3",,
"Banda, Anthony",607455,"L","95.9","94.2",,"99.1",,,"27.3",,
"McDermott, Chayce",694646,"R","95.9",,"38.5",,"73.6",,"34",,
"Ray, Robbie",592662,"L","95.8",,,"94.3",,"42.6","50.2","60.7",
"Booser, Cam",592155,"L","95.8",,"21.6","92",,,,"54.9",
"Williams, Gavin",668909,"R","95.8","98.7","59",,,"87.3",,"52",
"Bieber, Shane",669456,"R","95.8",,"33.9","89.6",,"81.6","13",,
"Nicolas, Kyle",693312,"R","95.8",,,,,"72.7","27.5",,
"Scott, Tayler",605463,"R","95.8","95.9",,,"77.5",,"21.9","43.5",
"Littell, Zack",641793,"R","95.8","94.4",,,"77.3",,"50.3","50.5",
"Zulueta, Yosver",691172,"R","95.8","94.1",,,,,"20.8",,
"Brown, McCade",685326,"R","95.8",,,"97.5",,"81.8","19.1",,
"Arias, Luarbert",678215,"R","95.8","96.8",,,"83.4",,"30.2",,
"Matthews, Zebby",805673,"R","95.7","95.5","52.5","98.9",,"49.7","18.1",,
"Akin, Keegan",669211,"L","95.7",,,"98.1",,,"25.6",,
"Gaddis, Hunter",683769,"R","95.7",,,"96.5",,,"50",,
"Baker, Bryan",641329,"R","95.7",,,"87.5",,,"44.8",,
"Sterner, Justin",686993,"R","95.7",,"31.7",,,,,"49",
"Yates, Kirby",489446,"R","95.6",,,,"98.1",,,,
"Sasaki, Roki",808963,"R","95.6",,,,"91.6",,,"43.4",
"Stephenson, Robert",596112,"R","95.6",,"16.1",,"96",,,,
"Eisert, Brandon",685126,"L","95.6","92.9",,"88.1",,,"41.5",,
"Perkins, Jack",678022,"R","95.6",,"52.4","96",,,,"37.6",
"Gibaut, Ian",664139,"R","95.6",,"58.3","97.4",,,"40.9","55.5",
"Wilson, Justin",458677,"L","95.6",,"63.7",,"89.3",,"24.6",,
"Leasure, Jordan",673929,"R","95.6","96",,,"93.3",,"35.7",,
"Milner, Hoby",571948,"L","95.6","92.1",,"95",,,,"63",
"Contreras, Roansy",672710,"R","95.6","96.4",,"99.4",,"62.1","27.4",,
"Pilkington, Konnor",663455,"L","95.5",,,"88.5",,,"12.6",,
"Brown, Ben",676962,"R","95.5",,,"92",,"26.3",,,
"Chafin, Andrew",605177,"L","95.5","93.5",,,,,"30.2",,
"Kimbrel, Craig",518886,"R","95.5",,,"93.7",,"65.4",,"58.2",
"Whitley, Forrest",666215,"R","95.5","93.9","37.9",,,"87.7",,,"66.1"
"Rodríguez, Elvin",660730,"R","95.5",,"49.7","97.5",,"79",,"36.1",
"Henriquez, Edgardo",683618,"R","95.4","95.5","57.2",,,"65.3","31.5",,
"Lorenzen, Michael",547179,"R","95.4","90.9","50.3","97.3",,"65","20.1","35.2",
"Johnson, Seth",686751,"R","95.4",,,,"67.5","91","32.4",,
"Peralta, Wandy",593974,"L","95.3","94.8",,"84.1",,,"27.9",,
"Pivetta, Nick",601713,"R","95.3","96.3","68.3",,,"82.3","46.3","42.2",
"Cecconi, Slade",677944,"R","95.3","96.4","38.5","89.7",,"82","30.5",,
"Young, Brandon",687064,"R","95.2",,"45.8","99.2","81","88.5","29.1",,
"Mears, Nick",683232,"R","95.2",,,,,"77.7","19",,
"Alcala, Jorge",660896,"R","95.2","92.3",,"94.5",,"43.1","31.4",,
"Kriske, Brooks",621139,"R","95.2",,"27.8",,"51.6",,,,
"Nola, Aaron",605400,"R","95.2","92.7","47.3","99.4",,"82",,,
"McKenzie, Triston",663474,"R","95.1",,,,,"67.6",,,
"Henry, Cole",669371,"R","95.1","93.9","29.8","93.9",,,,"53.7",
"Guerrero, Luis",692285,"R","95.1",,,"89.3",,,"33.2","47.5",
"Altavilla, Dan",656186,"R","95.1","91.2",,"89.3",,,"37.2",,
"Fermin, José",820862,"R","95.1","91.7",,,,,"9.6",,
"Leiter, Jack",683004,"R","95.1","94.8",,"79.6",,"62.5","27.3",,
"Abbott, Andrew",671096,"L","95",,"40.9","95",,"48",,"35.1",
"Rainey, Tanner",663432,"R","95",,,,,,"23.8",,
"Brown, Hunter",686613,"R","95","88","58.9","96.5",,"81.1","45.2",,
"Luzardo, Jesús",666200,"L","95","95",,"99.5",,,"18","37.1",
"Thompson, Mason",666168,"R","95","92.3",,,,"85.7","33.1",,
"Rock, Joe",697812,"L","94.9","92.6",,,,,"19.4",,
"Bergert, Ryan",686701,"R","94.9","96.9",,"96.4",,"64.8","28.4","44.4",
"Chandler, Bubba",696149,"R","94.9",,,"97.5",,"33.1","20.2",,
"Arrighetti, Spencer",681293,"R","94.9","94.1","44.8","95.5",,"76.9",,"56.5",
"Hernández, Carlos",672578,"R","94.9","95.5",,,"91.8","55.1","25.1",,
"Díaz, Edwin",621242,"R","94.8",,,,,,"23.4",,
"McGough, Scott",543518,"R","94.8","97.3",,,"80.6",,"30.3",,
"Hill, Jaden",677955,"R","94.8","96.4",,"99.6",,,"28",,
"Scholtens, Jesse",669947,"R","94.7",,,,,,"36.2","47.4",
"Povich, Cade",700249,"L","94.7","93.8","73.5","74.6",,"83","38.2","44.8",
"Boyd, Matthew",571510,"L","94.6","94.6",,"90.4",,"74.7","23.4",,
"Jackson, Luke",592426,"R","94.5",,,,,"68.6","37.2",,
"Johnson, Pierce",572955,"R","94.5",,"54.5",,,"41.5",,,
"Suarez, Robert",663158,"R","94.5","94.6",,"93.4",,,,,
"Matsui, Yuki",673513,"L","94.5","91.4",,,"74.8",,"36.4","38.6",
"Trivino III, Lou",642152,"R","94.4","90","57.6","98.8",,"82.4",,"57.8",
"Fisher, Braydon",680755,"R","94.4",,"66.6",,,"77.2","18.7",,
"Cruz, Steven",674444,"R","94.4",,"63.2",,,,"49.8",,
"Civale, Aaron",650644,"R","94.4","91.6","55.9",,"91.6","79.3","45.1",,
"Sale, Chris",519242,"L","94.4","93.1",,"98.9",,,"55.3",,
"Baz, Shane",669358,"R","94.4",,"49","95.7",,"71.5","23.5",,
"Jobe, Jackson",695549,"R","94.3","88.3",,"98.1",,"70.4","29.6",,
"Pagán, Emilio",641941,"R","94.3",,"34.6",,"79.4",,,,
"Evans, Logan",688138,"R","94.3","94.3","16","91.6",,"68.8",,"42.8",
"Eovaldi, Nathan",543135,"R","94.3","93.7","64.6",,"83.1","79.6","40",,
"Dollander, Chase",801403,"R","94.3","85.8",,"97.3",,"77.4","36.8",,
"Graceffo, Gordon",700669,"R","94.2","92",,"95.1",,"76.8","21.2",,
"Lynch IV, Daniel",663738,"L","94.2","90.1",,"93.8",,"31.5","17",,
"Birdsong, Hayden",806185,"R","94.2",,,"88.8",,"67.1","34.5",,"31.7"
"Lopez, Jacob",682052,"L","94","94.1","59","97.2",,,"50.2",,
"Rodriguez, Bradgley",699134,"R","94","90.6","44.3","98.3",,,,,
"Seymour, Ian",693855,"L","94","93.1","53.8","97.4",,"83.2","23.5","33.4",
"Pearson, Nate",663878,"R","94",,,,,"71.1","36.1",,
"Beeks, Jalen",656222,"L","93.9",,"19.6","91.8",,,,,
"Miller, Erik",669062,"L","93.9","96.2",,"99.5",,,"17",,
"Kopech, Michael",656629,"R","93.9",,"35.3",,,,,,
"Taillon, Jameson",592791,"R","93.9","92.6","49.3","86.8",,"71.9",,"53.6",
"Gillispie, Connor",687362,"R","93.8",,"36.5","83.8",,,,"56.1",
"Bowlan, Jonathan",680742,"R","93.8","92.9",,"69.6",,"65","25.4",,
"Hoglund, Gunnar",680684,"R","93.8","94.9",,"85.3",,,"67.4","40.2",
"Kelly, Zack",677161,"R","93.7","94.8","56.5","94.7",,,,"56.9",
"Gervase, Paul",801434,"R","93.6",,"58.2",,,,"39.9",,
"Cox, Austin",680735,"L","93.6",,"60.4",,"88","56.1","33.3",,
"Lauer, Eric",641778,"L","93.6",,"38","96.9",,"69.7","27.8",,
"Speier, Gabe",642100,"L","93.6","92.8",,,,,"33.9",,
"Canning, Griffin",656288,"R","93.5",,"39.4","85.9",,"50.4","27.9","47.6",
"Cabrera, Génesis",650893,"L","93.5","91.9","54.9",,"76.9","65",,,
"Merryweather, Julian",657240,"R","93.5",,,,,,"22.6",,
"Palmquist, Carson",687223,"L","93.5",,"44.1","89.3",,,,"49.5",
"Eder, Jake",671109,"L","93.5",,,"86.3",,,"35.6","37.2",
"Kahnle, Tommy",592454,"R","93.4",,,"98.6",,,,,
"Hanifee, Brenan",669724,"R","93.4","92.6",,"96.2",,,"18.8",,
"Megill, Trevor",656730,"R","93.4",,,,,"40.5",,,
"Berríos, José",621244,"R","93.4","98.6","55.2","98.4",,,,,"55.6"
"Miller, Bryce",682243,"R","93.3","90.2","55.4",,"68","69.1","25.9","62.4",
"Richardson, Lyon",680689,"R","93.3","88.8",,"92.8",,"54.8",,,
"Brazobán, Huascar",623211,"R","93.3","91.3","50.4","83.1",,,"22.5",,
"Allard, Kolby",663465,"L","93.2","94.3","49.5","99.4",,"95.1",,,
"Santillan, Tony",663574,"R","93.2",,,,,,"30.1",,"38.3"
"Weathers, Ryan",677960,"L","93.2","93.2",,"69.6",,,"26.1","33.3",
"Suarez, José",660761,"L","93.1","91.4",,"86.1",,,"30.2",,
"Estes, Joey",683155,"R","93.1","93",,"98.7",,,"32.8","50.8",
"Scherzer, Max",453286,"R","93",,"43.1","99.1",,"66.4","28.7",,
"Ruiz, José",614179,"R","93","90.9",,"90.3",,"45.1",,,
"Tidwell, Blade",694918,"R","93","93.5",,"87.3",,,"34.5","46.3",
"Shuster, Jared",694363,"L","93","95.8",,"76.6",,,"25.3",,
"Tonkin, Michael",543859,"R","92.9","87.8",,,,,"11.2","44.7",
"Gillaspie, Logan",670810,"R","92.8",,"68.3","97.8",,"63.4","32.3",,
"Okert, Steven",595345,"L","92.8",,,,,,"38.6",,
"Miller, Mason",695243,"R","92.8",,,"90.6",,,"48.4",,
"Hamilton, Ian",641656,"R","92.7","87.6",,,,,"37",,
"Burke, Brock",656271,"L","92.6","88.2",,"77.7",,,"45.1",,
"Sproat, Brandon",687075,"R","92.6","85.4",,"99",,"82.7","41.4","49.9",
"Messick, Parker",800048,"L","92.6","87.3",,"77.4",,"57.5","46.4",,
"Burrows, Mike",681347,"R","92.5","92.9",,"97.4",,"85.7","30.4",,
"Severino, Luis",622663,"R","92.5","91.3","62.9","98",,,"41.8","61",
"González, Wikelman",682790,"R","92.4",,,"98.6",,,"35.3",,"78.3"
"Morillo, Juan",666661,"R","92.4","91.1",,"97.5",,,"40.1",,
"Varland, Louis",686973,"R","92.3","94.3",,"85.2",,"51.1","40",,
"Alexander, Jason",669920,"R","92.3","92.2","37.7","98.1",,,,"66.7",
"Francis, Bowden",670102,"R","92.3","94.1",,,"93","83.7","29.6",,
"Bido, Osvaldo",674370,"R","92.3","89.6","16.1","95",,,"26.3",,
"Mena, Cristian",691441,"R","92.2","84.6",,"78.5",,"15.1",,"23.4",
"Santana, Dennis",642701,"R","92.2","89.1","50.1","86.8",,,"21.4",,
"Winn, Cole",668390,"R","92.2","86.6","48",,"92.9",,"34.3",,
"Bigge, Hunter",685801,"R","92.2",,,,,"91.2","30.9",,
"Selby, Colin",681882,"R","92.2","88.1",,,,"83.5","26.9",,
"Green, Chad",643338,"R","92.2","89",,,,,"25.9",,
"Martin, Chris",455119,"R","92.1","82.2","54",,"75.6",,,"58",
"Snell, Blake",605483,"L","92",,,"98.5",,"60","55.2",,
"Long, Sam",669674,"L","92","83.9",,,"77.6","75.6","15.9",,
"Gore, MacKenzie",669022,"L","91.9",,"52.5","92.1",,"74.8","11.9",,
"Cabrera, Edward",665795,"R","91.9","87.8",,"92.9",,"76.6","22",,
"Wilson, Steven",621051,"R","91.9",,"60.1","98.8",,,,"50.9",
"Englert, Mason",669438,"R","91.8","83.5","19.9","60.8",,"84.2",,,
"Thielbar, Caleb",573204,"L","91.8",,,,,"81.5","46.9","44.9",
"Bazardo, Eduard",660825,"R","91.8","92.2",,,"88",,,"59",
"Smith, Dylan",681916,"R","91.8","97.5",,,"88.2",,,"35",
"Wentz, Joey",666214,"L","91.7",,"32.4","94.6",,"59.1","24.5",,
"Lucas, Easton",687922,"L","91.7",,"55.3","96.3",,,"24.9","36.3",
"Houser, Adrian",605288,"R","91.7","88.9",,"88.7",,"96.4","32.7",,
"Cleavinger, Garrett",664076,"L","91.6","84.9","31.1",,,,"35.5","68.7",
"Hicks, Jordan",663855,"R","91.6","86.8",,,"94.2",,"43","48.9",
"Patrick, Chad",694477,"R","91.6","85.6","37.4","74.1",,,"39.9",,"45.3"
"Salazar, Eduardo",674285,"R","91.5","83.9",,,,,"24.2",,
"Buehler, Walker",621111,"R","91.5","89.2","58.2","94.8",,"93.8","45","62.4",
"Tolle, Payton",801139,"L","91.5",,"54.4","67.1",,"45.1","29.5",,
"VanWey, Logan",701121,"R","91.5","84.8",,"93.5",,,,"41.6",
"Ogasawara, Shinnosuke",829272,"L","91.5",,,"96",,"99.5","21.6",,
"Martinez, Nick",607259,"R","91.5","90.2","59.1","77.1",,"82.1","12.7",,
"Zerpa, Angel",672582,"L","91.4","84.5",,"92.8",,,"59",,
"Mlodzinski, Carmen",669387,"R","91.4","90.7",,,"65.5","75.1","18.4","29.7",
"Davis, Noah",663562,"R","91.4","92.8","31.4",,,,,"70.3",
"Cruz, Fernando",518585,"R","91.3","91.6",,,"39.3",,"43.1",,
"Castillo, Luis",622491,"R","91.3","92.4",,"91.9",,,"13.1",,
"Schultz, Paxton",687606,"R","91.3",,"56.9","45.8",,,"41.8",,
"Rasmussen, Drew",656876,"R","91.2","89.2","30","87.4",,"68.9",,"47.4",
"Kikuchi, Yusei",579328,"L","91.2","89.1",,"91.5",,"49.3","28.7",,
"Sims, Lucas",608371,"R","91.1",,,,,"62.2",,"45.6",
"Clarke, Taylor",664199,"R","91.1","88.4",,"87.2",,,"30",,
"Shugart, Chase",663767,"R","91.1","91","36.9","93.4",,,,"62.3",
"Dubin, Shawn",681869,"R","91","91","42.8","87.2",,"87.5",,"56.1",
"Yamamoto, Yoshinobu",808967,"R","91","87.4","45.8",,"78.4","94.9","38.2",,
"Winn, Keaton",676775,"R","91","84.1",,,"87.2",,,,
"Puk, A.J.",640462,"L","91",,,,,,"21.3",,
"Tinoco, Jesus",622786,"R","91","87.8",,"98.4",,,"35.5",,
"Henry, Tommy",674072,"L","90.9",,,"86.5",,"84","35.5",,
"Mikolas, Miles",571945,"R","90.9","85.2",,"92.6",,"81.3","38","45.4",
"Wells, Tyler",669330,"R","90.9",,"70.3","93.8",,"59.7","43.5",,
"Burns, Chase",695505,"R","90.8",,,"92.7",,"32.9","23.9",,
"Muñoz, Andrés",662253,"R","90.7","88.3",,"86.6",,,"39.2",,
"deGrom, Jacob",594798,"R","90.6",,,"87.9",,"60.1","32.5",,
"Woo, Bryan",693433,"R","90.6","84.8",,"87.7",,,"27.4","36.5",
"Brasier, Ryan",518489,"R","90.6","90.2","53.4",,,,"35.2",,
"Hancock, Emerson",676106,"R","90.5","91.7",,"98.3",,,"36","60.3",
"Granillo, Andre",701552,"R","90.4",,,"85.3",,,"24",,
"Ober, Bailey",641927,"R","90.4","95.1",,"99.4",,"74.1","46.4","46.1",
"Gusto, Ryan",687473,"R","90.4","83.5","46.8","98.4",,"87.2",,"43.3",
"Basso, Brady",669620,"L","90.4",,"53.3","83",,"70.5",,,
"Newcomb, Sean",656794,"L","90.4","82.5","40.8","84.2",,"88.5",,,"67.9"
"Chapman, Aroldis",547973,"L","90.4","88",,,"40",,"44.2",,
"Miley, Wade",489119,"L","90.3","88.5","59.7","90.4",,,,,
"Misiorowski, Jacob",694819,"R","90.3",,,"99",,"70.4","45.5",,
"Hall, DL",669084,"L","90.3","87.5","57.9","96.3",,"70.7","39.7",,
"Brieske, Beau",689225,"R","90.3","88.3",,"80.7",,,"19.8",,
"Alexander, Tyler",641302,"L","90.3","90.4","49","87.4",,,,"45.2",
"Rutledge, Jackson",671131,"R","90.2","95.6","38.6",,"85.2",,"14.6",,
"Sauer, Matt",669422,"R","90.1","92.9","46.2",,"80",,"50.9",,
"Allen, Logan",671106,"L","90.1","90.3","43.9","87.7",,,,"54.6",
"Skubal, Tarik",669373,"L","90.1","86.8",,"79.3",,"53.8","32.6",,
"Bachar, Lake",669199,"R","90.1",,,,"96.1",,"19.1","41.6",
"Phillips, Connor",683175,"R","90",,,,,"63.2",,"54.2",
"Crismatt, Nabil",622503,"R","90","87.5",,"74.2",,"97","30.4",,
"Adam, Jason",592094,"R","89.9",,,"78.3",,,"20.2","54.9",
"Assad, Javier",665871,"R","89.9","88.4","59.7","82.6",,"69.4",,"52.5",
"Ginkel, Kevin",656464,"R","89.8","90.6",,,,,"34",,
"Javier, Cristian",664299,"R","89.7","93.1",,"78",,"71.2",,"50.3",
"Flexen, Chris",623167,"R","89.7",,"53.4","97.1",,"89.1","64.3",,"83.1"
"Winans, Allan",642216,"R","89.7","85.1",,"80.3",,,,"55.3",
"Mazur, Adam",800049,"R","89.7","81.9",,"88.8",,"57.7","23.4","54.3",
"Melton, Troy",675512,"R","89.7","87.6","45.3",,"70.7","87.9","54.5",,
"Soto, Gregory",642397,"L","89.6","91.9",,,,,"19.6","25.8",
"Ortiz, Luis",682847,"R","89.6","81.4","47.8","96.2",,,"23.5",,
"Kirby, George",669923,"R","89.6","87.2",,"95.9","90.7","82.3",,"52.5",
"Zuber, Tyler",676604,"R","89.6","88",,"93",,,"40.6","57.7",
"Lawrence, Casey",596271,"R","89.5","88.7",,"94.1",,,"19.7","33.6",
"Graveman, Kendall",608665,"R","89.5","94.1",,"84.8",,,"29.1",,
"Roupp, Landen",694738,"R","89.5","87.2","49.1","88.4",,"79.7",,,
"Wilson, Bryse",669060,"R","89.4","86.7","49.7","91.3",,"53.2",,,
"Montero, Rafael",606160,"R","89.4","86.4",,,"78.1",,"32.8",,
"Gómez, Yoendrys",672782,"R","89.4","90.1","63.6","95.9",,"72.7","42.3","53.1",
"Rocker, Kumar",677958,"R","89.3","90.7","31.2","98.9",,"76","19.4",,
"Vodnik, Victor",680767,"R","89.3",,"31.5","87.1",,,"33.7",,
"Bivens, Spencer",702352,"R","89.3","84.7","58.7","66.3",,,,"39.6","55.1"
"Beeter, Clayton",690925,"R","89.2",,,,,,"43.9",,
"May, Dustin",669160,"R","89.2","84.7","37.3","98.1",,,,"64",
"Freeland, Kyle",607536,"L","89","83.1","33","96.9",,"52.6",,"43.7",
"Helsley, Ryan",664854,"R","89",,"55.4",,,"67","22.3",,
"Garrett, Reed",657585,"R","89","83.4","37.2",,"81.2",,,"45.5",
"Cease, Dylan",656302,"R","88.9","82.7",,"91.5",,"75.7","24.8","59.5",
"Fulmer, Carson",608334,"R","88.9","79.4",,"92.2",,"60.7","26.2",,
"Matzek, Tyler",554431,"L","88.9",,,,,,"46",,
"Vest, Will",676684,"R","88.7","86.7",,"90.3",,,"19.2",,
"Fairbanks, Pete",664126,"R","88.7",,"29.5","71.1",,,"48.5",,
"Schlittler, Cam",693645,"R","88.7","80.9","48.9",,,"82.3","48.9","49.1",
"Walter, Brandon",687888,"L","88.7","89.5","40.5","94.2",,,,"69.7",
"Cameron, Noah",702070,"L","88.7",,"43.3","98.1",,"69.6","24.6",,
"Loáisiga, Jonathan",642528,"R","88.5","89.4","32.9","96.8",,"36.2",,,
"Murphy, Chris",669684,"L","88.5","81.1",,"98.1",,"91.5","37","61.7",
"Henriquez, Ronny",678692,"R","88.4","88.3",,"95.6",,,"27.7","39.8",
"De Los Santos, Enyel",660853,"R","88.4",,,"96.2",,,"33.5",,
"Rashi, Taylor",688497,"R","88.4",,,,"84.2","81.5","38.2",,
"Gipson-Long, Sawyer",687830,"R","88.3","82.9","42","98.8",,,"41.6",,
"Svanson, Matt",694335,"R","88.2","86.6","38.4",,,,,"34",
"Junk, Janson",676083,"R","88.1",,,"88.8",,"64.3","42.5","45.1",
"Hart, Kyle",606996,"L","88.1","86.1",,"99.3","72.5",,"49.3","44.3",
"Burke, Sean",680732,"R","88","94.3",,"99",,"82.7","33",,
"Kolek, Stephen",663568,"R","88","75.7","40","72.1",,,"24.8","45",
"Senga, Kodai",673540,"R","87.9","86.3","52.5",,"73.3","64.9","17","27.8",
"Rogers, Trevor",669432,"L","87.9","89.1","27.3","87.4",,,,"32.6",
"Corbin, Patrick",571578,"L","87.9","84.3","40.3","96.9",,"31","19.3",,
"Silseth, Chase",681217,"R","87.9","87.4",,,"79.3",,,"37.4",
"Jacob, Alek",689690,"R","87.9","90.2",,"97.1",,,,"66.4",
"Olson, Reese",681857,"R","87.8","89",,"74.2",,"82.2","32.2",,
"Hendricks, Kyle",543294,"R","87.7","79.7",,"76.8",,"78.2",,,
"Clevinger, Mike",605182,"R","87.6",,"46.3","95.8",,,,"63.7",
"Webb, Jacob",657097,"R","87.5",,,"99.4",,,,"52.6",
"Quintana, Jose",500779,"L","87.4","85.5",,"89.1",,"55.5",,,"53.3"
"Neris, Héctor",593576,"R","87.4","89.5",,"81.7","71.7",,"41.3",,
"Winckowski, Josh",670174,"R","87.4","87","28.2","92.5",,,"40.2",,
"Rea, Colin",607067,"R","87.4","78.9","51.2","90.6",,"72.5","31.2","54.1",
"Vásquez, Randy",681190,"R","87.4","86.5","56.1","93",,"58.2","37.5","48.7",
"Cano, Yennier",666974,"R","87.3","86.7","38.7","98.8","92.1",,"21.1","36.1",
"Ashcraft, Braxton",677952,"R","87.3","83.8",,"83.1",,"72.3","38.7",,
"Morton, Charlie",450203,"R","87.3","88.3","26.8","76.5",,"74.1",,,
"Rodríguez, Randy",678495,"R","87.3",,,,,,"42.5",,
"Woodruff, Brandon",605540,"R","87.2","87.3","64.8","83.9",,"53.7",,"32.4",
"Veneziano, Anthony",685107,"L","87.2","90.1",,"98.2",,,"19.6","34.8",
"Morejon, Adrian",670970,"L","87.1","81.4","53.8","95",,,"41.3",,
"Wrobleski, Justin",680736,"L","87.1","87.5","51.4","72.5",,"66.9","28.5",,
"Ramírez, Yohan",670990,"R","87.1","88.1",,,,"77.7","32.9","61.4",
"Ribalta, Orlando",687377,"R","87.1","86.8",,"85.9",,,"25.5",,
"Pérez, Cionel",672335,"L","87.1","80.5",,,,,"20.9",,"57"
"Garcia, Robert",676395,"L","87.1",,,"89.5",,,"25.9",,
"Rodriguez, Carlos",692230,"R","86.9","94","54.5","98.8",,"74",,"46.3",
"Peguero, Joel",666711,"R","86.9","80.7",,,,,"38.2",,
"Brash, Matt",666374,"R","86.9","90.6",,"78.9",,,"50.7",,
"Festa, David",701581,"R","86.9","92.5",,"81.2",,,"23",,
"Abreu, Bryan",650556,"R","86.9","88.4",,,,,"58",,
"Uceta, Edwin",670955,"R","86.9","86.4","50","75.9",,,,"46.8",
"De León, José",592254,"R","86.9",,,"99.5",,,"46.3",,"78.2"
"Flaherty, Jack",656427,"R","86.8","81.7",,"84",,"77.7","41.8",,
"Darvish, Yu",506433,"R","86.8","87.8","56.5",,"52.2","87","30","42.1",
"Herget, Jimmy",623474,"R","86.7","87.6",,"83.6",,,"22.3","57.1",
"Gibson, Kyle",502043,"R","86.7","78.5","42.6","76.1",,"70.8",,"48.9",
"Kranick, Max",668820,"R","86.7",,,,,"70.2","56.4","51",
"Bellozo, Valente",678368,"R","86.7",,"44.9","86.1","41.6","67.4",,"55.8",
"Zeferjahn, Ryan",666171,"R","86.6",,"40.2",,,"59.4","36.9","55.4",
"Suárez, Albert",544150,"R","86.6",,"52.4","96.4",,"50.9",,,"33"
"Early, Connelly",813349,"L","86.6","91",,"87.3",,"71","32","35.4",
"Iglesias, Raisel",628452,"R","86.5","89.3",,"83.8",,,"31.3",,
"Sugano, Tomoyuki",608372,"R","86.5","83.2","39.7",,"78.3","68.7",,"37.9",
"McLean, Nolan",690997,"R","86.4","77.2","30.2","79.9",,"96.7",,"58.6",
"Morales, Luis",806960,"R","86.3",,,"90.5",,,"42","67.3",
"Bibee, Tanner",676440,"R","86.3","86.6","31.8","82.3",,"73.1",,"55.3",
"Crochet, Garrett",676979,"L","86.3","86.1","39.1","81",,,,"55.6",
"Cannon, Jonathan",686563,"R","86.3","83.9","56.1","75.1",,,,"43.3",
"Slaten, Justin",686580,"R","86.2",,"51.9",,,"77.8",,"48.8",
"Wheeler, Zack",554430,"R","86.2","86.4","46.7",,"85.3","68.5",,"45.9",
"Gallen, Zac",668678,"R","86.1","83.9",,"86.8",,"68.1","41.8",,
"Horn, Bailey",690544,"L","86.1","81.1","23.3",,,,,"33",
"McGreevy, Michael",700241,"R","86","76.8","40.5","75.2",,"78.6",,"48.9",
"Irvin, Jake",663623,"R","85.9","80.5","43.8","79.2",,"75.4","41.4",,
"Leahy, Kyle",681517,"R","85.9","84.1",,"79.9",,"84.2","43.7","47.4",
"Montero, Keider",672456,"R","85.8","82.9",,"87.4",,"73.1","37.8",,
"Hernandez, Nick",663321,"R","85.8",,,,"65.7",,"20.8",,
"Holton, Tyler",663947,"L","85.8","87.5","49.3","96.5",,"82.9",,"48.2",
"Keller, Mitch",656605,"R","85.8","73.4",,"71.6",,"93.7","27.8","61.7",
"Soroka, Michael",647336,"R","85.7","85.9",,"94",,,,,"67.2"
"Peralta, Freddy",642547,"R","85.7",,,"87.9",,"54.5","29.5","49.4",
"Aldegheri, Sam",691951,"L","85.7",,,"94.8",,"84.1","32.3",,
"Sands, Cole",663485,"R","85.7","80.5","37.5",,"86.2","68.1",,,
"Holderman, Colin",670059,"R","85.6","86.7","36.7",,"89.2",,,"46.1",
"Robert, Daniel",642016,"R","85.6","78.5","40.1",,,,,"53.5",
"Fitts, Richard",690916,"R","85.5","85.4",,"69.1",,"59","30.1","38.4",
"Taylor, Grant",691799,"R","85.4",,"47.8",,,"79.2","33.5",,
"Gibson, Cade",806188,"L","85.4","83.3",,"76.9",,"85.5","23","50.8",
"Ellard, Fraser",686642,"L","85.4","76.6",,"73.7",,,"45.7",,
"McGee, Easton",668834,"R","85.2","85.8","44.8",,,"77.5",,,
"Megill, Tylor",656731,"R","85.1","80.4",,"86.3",,"90.3","46.9","52.1",
"Casparius, Ben",676508,"R","85","77.4","43.2",,,"77.7",,"53",
"Spiers, Carson",686730,"R","85","79.8","48.3","93.4",,,,"57.7",
"Barnett, Mason",686930,"R","84.9",,,"66.2",,"82.5",,"44.4",
"Lugo, Seth",607625,"R","84.9","83","60.3","87","81.2","80.6","31.4","45.1","66.4"
"Díaz, Alexis",664747,"R","84.9",,,,,,"30.5",,
"Ferguson, Caleb",657571,"L","84.9","82.5","27.3",,,,,,"64.9"
"Sousa, Bennett",656986,"L","84.8",,,,,,"23.9",,
"Gilbert, Tyler",656457,"L","84.8","84.6","55.3",,"98.7",,,"39.5",
"King, Michael",650633,"R","84.8","77.3",,"96.7",,,"31.6","52.6",
"Hartlieb, Geoff",664129,"R","84.7","85.3",,,,,"9.1",,
"Bubic, Kris",663460,"L","84.6","83.1",,"74.2",,,"18.8","48.9",
"Kelly, Merrill",518876,"R","84.5","82.4","66.7","79.9",,"62","21.5",,
"Ferguson, Tyler",621053,"R","84.5","83","32","93.3",,,,"36.4",
"Blewett, Scott",656240,"R","84.5",,,,"65.5",,"26.7",,
"Seymour, Carson",693313,"R","84.4","75.6","44.2",,,"67.3","57.3",,
"Minter, A.J.",621345,"L","84.4",,"32.6","94.4",,,,,
"Senzatela, Antonio",622608,"R","84.3","86.1","53.9","67.5",,"50.7","36.3",,
"Kershaw, Clayton",477132,"L","84.1",,,,"89.5","82.5","48.4",,
"Abel, Mick",690953,"R","84.1","78.1",,"68.2",,"70.9","15.3","57.2",
"Martin, Davis",663436,"R","84","83.4","40.9","70.7",,"75.7","27.3","37.4",
"Romero, JoJo",668941,"L","84","83.5",,"94.1",,,,"41.4","36.6"
"Tarnok, Freddy",676206,"R","83.9",,,"80.8",,"79.1","25.9",,
"García, Luis",472610,"R","83.8","85.2",,,"82",,,"52.2",
"Soriano, George",666277,"R","83.7","80",,"73.1",,,"15","28.6",
"Castillo, Luis F.",622379,"R","83.7","89.7",,"97.2",,,,"58.3",
"Barnes, Jacob",606930,"R","83.7",,"35.8",,,,,,
"Sandlin, Nick",680704,"R","83.6","85.4",,,"76.2",,"53.3",,
"Boushley, Caleb",676961,"R","83.5","85.6","58","90.6",,"69.9","34.4",,
"Montas, Frankie",593423,"R","83.3","80.4","61.5",,"85",,"32","39.6",
"Sanders, Cam",676742,"R","83.3",,,"75.7",,,"19.7","55",
"Domínguez, Seranthony",622554,"R","83.2","82.1",,,"94.7","75.9",,"40.4",
"Eflin, Zach",621107,"R","83.2","74.7","48.3","92",,"71.1",,"57.1",
"Martin, Corbin",656686,"R","83.1",,,"63.5",,"41.7","42.4",,
"Lucchesi, Joey",664192,"L","82.9","80.2",,,,"41.7",,,
"Bender, Anthony",669622,"R","82.8","83.3",,"86.4",,,"31.1","55.4",
"Núñez, Dedniel",673380,"R","82.7",,,,,,"12.4",,
"Campbell, Isaiah",663462,"R","82.6","72.8",,,,"64","36.1","45.9",
"Lazar, Max",676661,"R","82.4",,"41.6",,"86.5","87.4",,,
"Murray, Jayden",681151,"R","82.3","83.6","48.5",,,,,"62.2",
"Soriano, José",667755,"R","82.2","82",,,"76.5","70.7","17.7",,
"Morgan, David",688158,"R","82.2","87.7",,,,"69.8","25.7",,
"Woodford, Jake",663765,"R","82","84.8","48.9","72.4",,,,"50.8",
"Schwellenbach, Spencer",680885,"R","82","76.9","60.1",,"74","69.3","26",,
"Hill, Rich",448179,"L","81.9","78.9","45.7",,,"94.1",,"87.8",
"Anderson, Grant",681982,"R","81.9","81.5",,"90.5",,,,"62.8",
"Jax, Griffin",643377,"R","81.9","79.3","40.3","76.2",,,,"48.1",
"Wesneski, Hayden",669713,"R","81.8","84.1","37.8","80.1",,"76.3",,"54.9",
"Kochanowicz, Jack",686799,"R","81.8","76.9",,"63.2",,,"18.2","48.4",
"Blackburn, Paul",621112,"R","81.5","83.7","44.8","75.2",,"87.3",,"67.3",
"Elder, Bryce",693821,"R","81.5","76.2",,"63.9",,,"23",,
"Kelly, Michael",547184,"R","81.3","77.9",,"72.2",,,"31.3","65.4",
"Strickland, Hunter",519326,"R","81.3","87.1",,"89.9",,,"34.3","54.8",
"Holmes, Grant",656550,"R","81.3",,"54.8","75.3",,"53","29.3",,
"Scott, Tanner",656945,"L","81.2",,,,,,"27.8",,
"García, Yimi",554340,"R","81.1","81.5",,"87",,"49.5",,"45.8",
"Vargas, Carlos",672841,"R","81.1","74.4","53.2","80.7",,,"26.4",,
"Hatch, Thomas",641672,"R","81.1","83.7","52","83.3",,,"29.9","38.6",
"Cavalli, Cade",676917,"R","81.1","82.1","53.4","94.5",,"83.3",,,
"Wolfram, Grant",664991,"L","81","81.6",,,,"55.8","18.4","59.8",
"Gage, Matt",657424,"L","80.9","85.9",,"87.4",,,"29.7","57.1",
"Fried, Max",608331,"L","80.9","65","54.1","78.5",,"87.2","33.9","61.8",
"Oviedo, Johan",670912,"R","80.9","75.1",,"93.4",,"59.7","36.3",,
"Bello, Brayan",678394,"R","80.8","87.5","13.2","95.8",,,,"50.2",
"Stratton, Chris",608717,"R","80.8","77.9",,"78.6",,"67.9","30.3",,
"Muñoz, Roddery",682610,"R","80.7","79.1","38.7",,,,"42.5",,
"Armstrong, Shawn",542888,"R","80.7","87.1","54.1",,,,,"44.9",
"Adams, Travis",701519,"R","80.4","82.7","46.5","89.8",,"72.3","34.6",,
"Garabito, Gerson",642520,"R","80.3","74.9",,"80.6",,"53.5","31.6",,
"Strowd, Kade",669704,"R","80.3","80.4","41.3",,,"81.4",,"61.7",
"Suarez, Ranger",624133,"L","80.2","72.5","37.8","70.5",,"87.2","37.9",,
"Rodriguez, Eduardo",593958,"L","80.2","78","60.2","86.8",,"52.9","29.3",,
"Smith, Shane",681343,"R","80","86.3",,"85.1",,"80.6","30.8",,
"Schreiber, John",670167,"R","79.8","78.4","28.7","81.9",,,,"65.2",
"Kelly, Kevin",687330,"R","79.7","83.5","50.2",,,,,"74.3",
"Boyle, Joe",671212,"R","79.6",,,,"88.4",,"26.4",,
"Peralta, Sammy",671111,"L","79.6","83.7",,"98.9",,,"28.6",,
"Rodríguez, Manuel",655889,"R","79.6","88.3",,,,,"27.7",,
"Fedde, Erick",607200,"R","79.6","77","57.9","71.8",,,,"47.2",
"Simpson, Josh",681006,"L","79.6","74.4",,"75.4",,"67.9","16.6","52",
"Hodge, Porter",687863,"R","79.6",,,,,,"44","59.1",
"Faucher, Calvin",676534,"R","79.5","79.5","21.2",,,"72.9",,"49.1",
"Lawrence, Justin",664875,"R","79.4","78.7",,,,,,"54.3",
"Waldrep, Hurston",694462,"R","79.3","81.4","54",,"83.6","82.1","21.6",,
"Treinen, Blake",595014,"R","79.1","82.2","37.5",,,,,"49.1",
"Kinley, Tyler",641755,"R","79",,,"98.6",,"51.1","21.9",,
"Ashby, Aaron",676879,"L","78.9","81.3",,"77.6",,"88","53.5",,
"Koenig, Jared",657649,"L","78.8","80.5","47.6","92.7",,"80.8",,,
"Ramírez, Erasmo",541640,"R","78.8","85","68.1","92.9",,,,,
"Leclerc, José",600917,"R","78.7","77.5","41.5","78.1",,,"45.5",,
"Banks, Tanner",621383,"L","78.7","79.2",,"68.8",,,"33.8","35.9",
"Hudson, Bryan",663542,"L","78.6","72.1","35",,,,,"81.3",
"Sewald, Paul",623149,"R","78.6",,,,,,,"35.4",
"Stratton, Hunter",676702,"R","78.6",,"59.2",,,,"47.9",,
"Van Belle, Brian",687003,"R","78.5","84.6",,"91.1",,,"38.3","67.5",
"Ohtani, Shohei",660271,"R","78.4","77.7","39.4",,"77.9","82.4","27.6","48.1",
"Vasil, Mike",678024,"R","78.3","68.6","19.9","89.1",,"89.8",,"64",
"Wicks, Jordan",696136,"L","78.2","87.3",,"95",,,"23.9","51.8",
"Bradish, Kyle",680694,"R","77.9","77.5",,,,"72.4","41.2",,
"Teng, Kai-Wei",678906,"R","77.8","76.4",,"87.2",,"72",,"43.9",
"Meyer, Max",676974,"R","77.8","77.1",,"86.2",,,"22","41.7",
"Contreras, Luis",664351,"R","77.8",,,"63.8",,,"49.3","55.2",
"López, Pablo",641154,"R","77.7","78.8",,"79.1",,"71.8",,"44.4",
"Castillo, José",620454,"L","77.6","74.7",,"57.7",,,"38.1",,
"Maeda, Kenta",628317,"R","77.6","69.1",,,"69",,"21.9","33.2",
"Holmes, Clay",605280,"R","77.5","68.4","27.9","86.4",,,"32.5","59.9",
"Lao, Sauryn",666659,"R","77.5","79.1",,"82.2",,,"34.6",,
"Gil, Luis",661563,"R","76.8",,,"84.7",,,"34.4",,
"Dobbins, Hunter",690928,"R","76.8","82.8",,,"85.9","65.9","39.1","48.2",
"Ross, Joe",605452,"R","76.5","78.5",,"92.5",,"45.9","31.2",,
"Martinez, Seth",661527,"R","76.4","76.3","37.1","67.2",,,,"57.4",
"Warren, Will",701542,"R","76.2","72.6",,"86.2",,"70.4",,"61.9",
"Buttó, José",676130,"R","76.1","81.6",,"72",,,"17.3","56.3",
"Webb, Logan",657277,"R","76","78","47.7","76.7",,,,"48.2",
"Carrasco, Carlos",471911,"R","75.9","71.9",,"61.8",,"57.3","24.8",,
"Pfaadt, Brandon",694297,"R","75.7","79.1","33.9","86.6",,"69.3",,"36.9",
"Rodríguez, Yariel",684320,"R","75.7","86.4",,,"94.4",,"23.8",,
"Hollowell, Gavin",668970,"R","75.6","84.6",,,,,,"53.1",
"Junis, Jakob",596001,"R","75.5","71",,"70",,,,"43.9",
"Glasnow, Tyler",607192,"R","75.4","73.6",,,,"81.6","22.9",,
"King, Bryan",687911,"L","75.3","76",,"87.3",,,,"65",
"Waddell, Brandon",663399,"L","75.1","73.9",,"93.4",,,"29.9","48.6",
"Bowman, Matt",621199,"R","75.1","90.3","46.4",,"84.8",,,"42.3",
"Bummer, Aaron",607481,"L","74.8","75.1",,,,"76.1",,"68.4",
"Weissert, Greg",669711,"R","74.6","78.2",,"93.7",,"79","38.6","68.4",
"Keller, Brad",641745,"R","74.6","77.7",,"84.5",,,"46.4","47",
"Payamps, Joel",606303,"R","74.4","75.6",,,,,,"52.1",
"Thornton, Trent",663423,"R","74.4","72.2","31.5",,"82.8","64.6",,"52.9",
"Kittredge, Andrew",552640,"R","74.4","82.6",,,,,"34.4",,
"Horton, Cade",690990,"R","74.3","70.8",,"77.5",,"51.7",,"48.1",
"Sisk, Evan",681895,"L","74.1","72.6","44.7",,,"78.4",,"59.4",
"Bassitt, Chris",605135,"R","74","76.3","46.2","93.6","96.3","96.1","37.6","87.1",
"Houck, Tanner",656557,"R","73.7","78.4",,,"80.3",,,"64.5",
"Zastryzny, Rob",642239,"L","73.5",,"36.6","84.5","68",,,"42.5",
"Phillips, Tyler",663969,"R","73.5","91",,,"91.2","59.2",,"31.2",
"Thompson, Ryan",657044,"R","73.2","75.1",,,,,"72.7",,
"McCullers Jr., Lance",621121,"R","73.2","69.6","36.2","82.3",,"76.9",,"53.4",
"Singer, Brady",663903,"R","73","83.1","43.9",,,,"35.9","39",
"Stewart, Brock",592779,"R","72.8","77.4","46.8","85.7",,,,"52.7",
"Núñez, Eduarniel",674384,"R","72.5",,,,,,"37.8",,
"Schmidt, Clarke",657376,"R","72.3","63.1","48.1",,,"67.8","41.8","58.7",
"Mejia, Juan",675848,"R","72.3",,,,,,,"63.7",
"Hurter, Brant",676428,"L","72","78.4",,"89.4",,,,"50.4",
"King, John",667463,"L","71.8","73.2",,"83.3",,"77.1","32.4",,
"Pomeranz, Drew",519141,"L","71.7",,,,,"68.1",,,
"Peterson, David",656849,"L","71.7","75.3",,"91.5",,"69.3","17.6",,
"Feltner, Ryan",663372,"R","71.6","64.9",,"63.2",,"71.5","36.8","47.9",
"Avila, Luinder",679883,"R","71.6","71.2",,,,"65.7","46.1",,
"Pressly, Ryan",519151,"R","71.3","72.1",,"57.1",,"70.7","29.3",,
"Coulombe, Danny",543056,"L","71","69.3","29.6",,,"92.9",,"45.9",
"Anderson, Shaun",641312,"R","70.9",,,"78.8",,,"40.6","55.9",
"Alvarez, Andrew",674841,"L","70.9","63.1",,"81.9",,"61.1","32.8",,
"Uribe, Abner",682842,"R","70.5","70.6",,,,,"36.5",,
"Suter, Brent",608718,"L","70.5","88.3",,"94.2",,,"47.5",,
"Herrin, Tim",682120,"L","70.1","70.4",,,,"53.1","12.7",,
"Moll, Sam",594580,"L","70","75.1",,"83.9",,,,"49.4",
"Lovelady, Richard",663992,"L","69.3","68.6",,,,,"24.7","43.1",
"Pallante, Andre",669467,"R","68.6","78.6",,,,"79","32.2",,
"Roycroft, Chris",688297,"R","68.2","93.1","31.5",,,,,,
"Rolison, Ryan",669020,"L","67.4",,,"63.3",,"76.6","34.6",,
"Barlow, Scott",605130,"R","66.4","69",,,,"86.2","45.3","54.4",
"Steele, Justin",657006,"L","66","72.4",,,,"66.7","48",,
"Stroman, Marcus",573186,"R","64","60.9","37",,"77.9","73.9","33.4",,"61.5"
"Williams, Trevor",592866,"R","61.8","68.2",,"90.1",,,"37","50.2",
"Festa, Matt",670036,"R","60.4","61","50.4",,,,,"53.3",
"Gray, Sonny",543243,"R","58.3","57","31.7","75.1",,"89.7","34.3","56.6",
"Turnbull, Spencer",605513,"R","52.7",,,"90.4",,"88.2",,"42.5",
"Kent, Zak",687849,"R","52.3","67.7",,,,"81.4","47.3",,
"Saalfrank, Andrew",685314,"L","46.1","53.8",,,,"73",,,
"Lee, Chase",695445,"R","38.1","37.6",,"75.2",,,,"71",
"Murfee, Penn",682171,"R","36.1","60",,,,,,"75.8",
"Snider, Collin",676092,"R","34.5","37.8","33.1",,,,,"62.1","46.4"